{
  "version": "7",
  "dialect": "mysql",
  "entries": [
    {
      "idx": 0,
      "version": "5",
      "when": 1770166598208,
      "tag": "0000_futuristic_hardball",
      "breakpoints": true
    },
    {
      "idx": 1,
      "version": "5",
      "when": 1770167041046,
      "tag": "0001_broad_spyke",
      "breakpoints": true
    },
    {
      "idx": 2,
      "version": "5",
      "when": 1770168928296,
      "tag": "0002_melodic_naoko",
      "breakpoints": true
    },
    {
      "idx": 3,
      "version": "5",
      "when": 1770169445932,
      "tag": "0003_absent_fat_cobra",
      "breakpoints": true
    }
  ]
}